{"cameraMode":{"drawMode":0,"name":"Shaded","section":"Shading Mode"},"sceneLighting":false,"audioPlay":false,"sceneViewState":{"m_AlwaysRefresh":false,"showFog":true,"showSkybox":false,"showFlares":true,"showImageEffects":true,"showParticleSystems":true,"showVisualEffectGraphs":true,"m_FxEnabled":true},"in2DMode":false,"pivot":{"x":-2.440126419067383,"y":-0.07159566879272461,"z":2.7283592224121095},"rotation":{"x":0.18765193223953248,"y":-0.3690412938594818,"z":0.07634646445512772,"w":0.9070670008659363},"size":7.130770683288574,"orthographic":false}